{
  "layout": "A4 portrait",
  "outputFormat": "pdf",
  "attributes": {
      "title": "Hello",
      "description": "Hello every body !",
      "datasource": [
        {
          "displayName": "Feature 1",
          "table" : {
            "columns": ["id", "name", "icon"],
            "data": [
              [1, "blah", "icon_pan"],
              [2, "blip", "icon_zoomin"]
            ]
          }
        },
        {
          "displayName": "Feature 2",
          "table": {
            "columns": ["id", "name", "icon"],
            "data": [
              [10, "blah2", "icon_pan2"],
              [20, "blip2", "icon_zoomin2"]
            ]
          }
        }
      ],
      "legend": {
          "name": "",
         "classes": [{
              "name": "Arbres",
              "icons": ["http://localhost:8080/examples/data/www/legends/arbres.png"]
          }, {
              "name": "Peturbations",
              "icons": ["http://localhost:8080/examples/data/www/legends/perturbations.png"]
          }, {
              "name": "Points de vente",
              "icons": ["http://localhost:8080/examples/data/www/legends/points-de-vente.png"]
          }, {
              "name": "Stationement",
              "icons": ["http://localhost:8080/examples/data/www/legends/stationement.png"]
          }]
      },
    "map": {
      "projection": "EPSG:900913",
      "dpi": 72,
      "center": [-8233518.5005945, 4980320.4059228],
      "scale": 25000,
      "layers": [
        {
          "type": "WMS",
          "layers": ["tiger-ny"],
          "baseURL": "http://localhost:8080/gs-web-app/wms",
          "imageFormat": "image/png",
          "version": "1.1.1",
          "customParams": {"TRANSPARENT": "true", "EXCEPTIONS": "INIMAGE"}
        }
      ]
    }
  }
}
