{
  "layout": "A4 landscape",
  "outputFormat": "pdf",
  "attributes": {
    "map": {
      "projection": "EPSG:26713",
      "dpi": 300,
      "rotation": 0,
      "center": [602602, 4915620],
      "scale": 258000,
      "layers": [
        {
          "baseURL": "http://localhost:8080/geoserver/sf/wms",
          "opacity": 1,
          "type": "WMS",
          "serverType": "geoserver",
          "layers": [
            "sf:archsites"
          ],

          "imageFormat": "image/png",
          "customParams": {
            "TRANSPARENT": "true"
          }
        }
      ]
    }
  }
}
