{
  "layout": "A4 portrait",
  "outputFormat": "pdf",
  "attributes": {
    "number": 45,
    "name": "Hello",
    "description": "Hello every body !",
    "length": 45.123,
    "table": {
      "columns": ["id", "name", "icon"],
      "data": [
        [1, "blah", "icon_pan"],
        [2, "blip", "icon_zoomin"]
      ]
    },
    "datasource": [
      {
        "displayName": "Feature 1",
        "table" : {
          "columns": ["id", "name", "icon"],
          "data": [
            [1, "blah", "icon_pan"],
            [2, "blip", "icon_zoomin"]
          ]
        }
      },
      {
        "displayName": "Feature 2",
        "table": {
          "columns": ["id", "name", "icon"],
          "data": [
            [10, "blah2", "icon_pan2"],
            [20, "blip2", "icon_zoomin2"]
          ]
        }
      }
    ],
    "legend": {
      "name": "",
       "classes": [{
        "name": "Arbres",
        "icons": ["http://localhost:8080/examples/data/www/legends/arbres.png"]
      }, {
        "name": "Peturbations",
        "icons": ["http://localhost:8080/examples/data/www/legends/perturbations.png"]
      }, {
        "name": "Points de vente",
        "icons": ["http://localhost:8080/examples/data/www/legends/points-de-vente.png"]
      }, {
        "name": "Stationement",
        "icons": ["http://localhost:8080/examples/data/www/legends/stationement.png"]
      }]
    },
    "map": {
      "bbox": [100, -1, 106, 2],
      "projection": "CRS:84",
      "dpi": 72,
      "rotation": 0,
      "areaOfInterest": {
      "style": "overview-map",
      "display": "RENDER",
      "renderAsSvg": true,
      "area": {
        "type": "Polygon",
        "coordinates": [[
          [101, -0.5],
          [105, -0.5],
          [105, 1.75],
          [101, 1.75],
          [101, -0.5]
        ]]}
      },
      "layers": [
        {
          "type": "geojson",
          "style": "polygon",
          "geoJson":   "file://resources/geojson.json"
        }
      ]
    }
  }
}
