{
  "layout": "A4 landscape",
  "outputFormat": "pdf",
  "attributes": {
    "map": {
      "projection": "EPSG:900913",
      "dpi": 72,
      "areaOfInterest": {
        "area" : {
          "type": "MultiPoint",
          "coordinates": [
            [-8233000, 4979000], [-8234000, 4981000]
          ]
        }
      },
      "longitudeFirst": true,
      "layers": [
        {
          "type": "WMS",
          "layers": ["tiger-ny"],
          "baseURL": "http://localhost:8080/gs-web-app/wms",
          "imageFormat": "image/png",
          "version": "1.1.1",
          "customParams": {"TRANSPARENT": "true", "EXCEPTIONS": "INIMAGE"}
        }
      ]
    }
  }
}
