{
  "app" : "mapbox xyz old api",
  "srs": "EPSG:3857",
  "layout": "A4 landscape",
  "outputFilename": "exemplemapbox",
  "dpi": 72,
  "outputFormat": "pdf",
  "layers": [
    {
      "baseURL": "http://localhost:8080/examples/data/www/osm-custom-params/",
      "type": "XYZ",
      "layers": [],
      "featureName": "",
      "name": "",
      "format": "",
      "opacity": 1.0,
      "maxExtent": [
        -2.003750834E7,
        -2.003750834E7,
        2.003750834E7,
        2.003750834E7
      ],
      "tileOrigin": [
        -2.003750834E7,
        -2.003750834E7
      ],
      "tileSize": [
        256,
        256
      ],
      "resolutions": [
        156543.03390625,
        78271.516953125,
        39135.7584765625,
        19567.87923828125,
        9783.939619140625,
        4891.9698095703125,
        2445.9849047851562,
        1222.9924523925781,
        611.4962261962891,
        305.74811309814453,
        152.87405654907226,
        76.43702827453613,
        38.218514137268066,
        19.109257068634033,
        9.554628534317017,
        4.777314267158508,
        2.388657133579254,
        1.194328566789627,
        0.5971642833948135,
        0.29858214169740677,
        0.14929107084870338
      ],
      "extension": "png",
      "customParams": {
        "access_token": "pk.eyJ1IjoibWFwYm94IiwiYSI6IlpIdEpjOHcifQ.Cldl4wq_T5KOgxhLvbjE-w",
        "PRINT-USERNAME": "bob.lenon"
      }
    }
  ],
  "pages": [
    {
      "bbox": [432528.47918, 5404363.0407, 434071.551689, 5405473.76627],
      "rotation": 0
    }
  ]
}
