{
  "units": "m",
  "srs": "EPSG:900913",
  "layout": "A4 landscape",
  "dpi": 72,
  "outputFormat" : "pdf",
  "layers":[
    {
      "baseURL":"http://localhost:8080/gs-web-app/wms",
      "opacity" : 1,
      "type":"WMS",
      "layers": [
        "nurc:Img_Sample",
        "tiger:poly_landmarks",
        "tiger:tiger_roads",
        "tiger:poi"
      ],
      "format": "image/png",
      "singleTile": true,
      "userNativeAngle": true
    }
  ],
  "pages": [
    {
      "center": [-8239000,4969880, -8235548,4973782],
      "rotation": 0,
      "scale": 10000
    }
  ]
}
