{
  "layout": "A4 landscape",
  "outputFormat": "pdf",
  "attributes": {
    "map": {
      "projection": "EPSG:4326",
      "dpi": 72,
      "rotation": 0,
      "bbox": [-139.84870868359, 18.549281576172, -51.852562316406, 55.778420423828],
      "longitudeFirst": true,
      "layers": [
        {
          "type": "WMS",
          "layers": ["topp:states"],
          "baseURL": "http://myhost.com:8080/gs-web-app/wms",
          "imageFormat": "image/png",
          "version": "1.3.0",
          "customParams": {"TRANSPARENT": "true", "EXCEPTIONS": "INIMAGE"}
        }
      ]
    }
  }
}
